test 2_1.jpg,A
test 2_10.jpg,A
test 2_100.jpg,A
test 2_11.jpg,A
test 2_12.jpg,A
test 2_13.jpg,A
test 2_14.jpg,A
test 2_15.jpg,A
test 2_16.jpg,A
test 2_17.jpg,A
test 2_18.jpg,A
test 2_19.jpg,A
test 2_2.jpg,A
test 2_20.jpg,A
test 2_21.jpg,A
test 2_22.jpg,A
test 2_23.jpg,A
test 2_24.jpg,A
test 2_25.jpg,A
test 2_26.jpg,A
test 2_27.jpg,A
test 2_28.jpg,A
test 2_29.jpg,A
test 2_3.jpg,A
test 2_30.jpg,A
test 2_31.jpg,A
test 2_32.jpg,A
test 2_33.jpg,A
test 2_34.jpg,A
test 2_35.jpg,A
test 2_36.jpg,A
test 2_37.jpg,A
test 2_38.jpg,A
test 2_39.jpg,A
test 2_4.jpg,A
test 2_40.jpg,A
test 2_41.jpg,A
test 2_42.jpg,A
test 2_43.jpg,A
test 2_44.jpg,A
test 2_45.jpg,A
test 2_46.jpg,A
test 2_47.jpg,A
test 2_48.jpg,A
test 2_49.jpg,A
test 2_5.jpg,A
test 2_50.jpg,A
test 2_51.jpg,A
test 2_52.jpg,A
test 2_53.jpg,A
test 2_54.jpg,A
test 2_55.jpg,A
test 2_56.jpg,A
test 2_57.jpg,A
test 2_58.jpg,A
test 2_59.jpg,A
test 2_6.jpg,A
test 2_60.jpg,A
test 2_61.jpg,A
test 2_62.jpg,A
test 2_63.jpg,A
test 2_64.jpg,A
test 2_65.jpg,A
test 2_66.jpg,A
test 2_67.jpg,A
test 2_68.jpg,A
test 2_69.jpg,A
test 2_7.jpg,A
test 2_70.jpg,A
test 2_71.jpg,A
test 2_72.jpg,A
test 2_73.jpg,A
test 2_74.jpg,A
test 2_75.jpg,A
test 2_76.jpg,A
test 2_77.jpg,A
test 2_78.jpg,A
test 2_79.jpg,A
test 2_8.jpg,A
test 2_80.jpg,A
test 2_81.jpg,A
test 2_82.jpg,A
test 2_83.jpg,A
test 2_84.jpg,A
test 2_85.jpg,A
test 2_86.jpg,A
test 2_87.jpg,A
test 2_88.jpg,A
test 2_89.jpg,A
test 2_9.jpg,A
test 2_90.jpg,A
test 2_91.jpg,A
test 2_92.jpg,A
test 2_93.jpg,A
test 2_94.jpg,A
test 2_95.jpg,A
test 2_96.jpg,A
test 2_97.jpg,A
test 2_98.jpg,A
test 2_99.jpg,A
